1,Wayne,Adams,wadams0@acquirethisname.com,230-893-9661
2,Dennis,Elliott,delliott1@google.co.uk,771-204-8504
3,James,Robinson,jrobinson2@nbcnews.com,350-765-0372
4,Dorothy,Chapman,dchapman3@tmall.com,961-238-0928
5,Mildred,Freeman,mfreeman4@spotify.com,569-286-3003
6,Judith,Spencer,jspencer5@amazon.de,323-666-8526
7,David,Daniels,ddaniels6@wikipedia.org,002-986-1768
8,Kathy,Miller,kmiller7@tumblr.com,751-577-4345
9,Christina,Stephens,cstephens8@mapquest.com,784-398-7071
10,Peter,Ferguson,pferguson9@comsenz.com,862-954-8364
11,Emily,Stevens,estevensa@seattletimes.com,485-518-0500
12,Kelly,Gibson,kgibsonb@blogspot.com,551-386-3424
13,Virginia,Myers,vmyersc@archive.org,678-411-8613
14,Margaret,Webb,mwebbd@chronoengine.com,008-384-0884
15,Cynthia,Ross,crosse@oakley.com,752-944-5092
16,Julie,Alexander,jalexanderf@scribd.com,826-705-0037
17,Marie,Cunningham,mcunninghamg@tinypic.com,748-266-1448
18,Shawn,Washington,swashingtonh@nifty.com,396-979-9479
19,Victor,Stephens,vstephensi@umich.edu,981-643-5751
20,Nicholas,Jenkins,njenkinsj@imgur.com,245-928-2689
21,Antonio,Carr,acarrk@omniture.com,810-393-2134
22,Steven,Harris,sharrisl@fda.gov,899-750-2957
23,Larry,Harrison,lharrisonm@si.edu,959-689-4126
24,Dorothy,Simpson,dsimpsonn@list-manage.com,195-035-6179
25,Judith,Elliott,jelliotto@wix.com,361-803-0403
26,Diana,Green,dgreenp@ca.gov,994-773-7774
27,Chris,Lopez,clopezq@posterous.com,841-244-6502
28,Paul,Nichols,pnicholsr@vistaprint.com,052-153-6679
29,Mildred,Phillips,mphillipss@surveymonkey.com,907-506-6483
30,Scott,Garcia,sgarciat@alexa.com,221-590-8735
31,Larry,James,ljamesu@washingtonpost.com,464-791-0283
32,Gregory,Freeman,gfreemanv@nps.gov,853-076-0544
33,Norma,Perkins,nperkinsw@tumblr.com,886-964-3772
34,Evelyn,Moore,emoorex@google.com,178-335-0397
35,Pamela,Phillips,pphillipsy@goodreads.com,880-724-0101
36,Carolyn,Kim,ckimz@marriott.com,900-001-8449
37,Karen,Welch,kwelch10@multiply.com,353-142-5535
38,Shirley,Patterson,spatterson11@cdc.gov,743-836-1129
39,Andrew,Freeman,afreeman12@miitbeian.gov.cn,089-412-3487
40,Mary,Lawson,mlawson13@answers.com,189-833-8870
41,Ralph,Burns,rburns14@last.fm,932-798-1934
42,Matthew,Reed,mreed15@tripod.com,025-080-7124
43,Raymond,Gibson,rgibson16@indiegogo.com,195-283-1696
44,Julie,Harvey,jharvey17@typepad.com,245-037-2917
45,Chris,Diaz,cdiaz18@arstechnica.com,419-651-8813
46,Joan,Bell,jbell19@umich.edu,670-065-9982
47,Russell,Hansen,rhansen1a@berkeley.edu,664-850-4386
48,Michael,Franklin,mfranklin1b@usgs.gov,969-088-7669
49,Jonathan,Grant,jgrant1c@cnbc.com,445-705-5529
50,Nancy,Dean,ndean1d@smh.com.au,106-146-6965
51,Joe,Reed,jreed1e@vkontakte.ru,272-510-0435
52,Richard,Adams,radams1f@webnode.com,452-469-8095
53,Margaret,Bishop,mbishop1g@unesco.org,842-182-5048
54,Julie,Brooks,jbrooks1h@ibm.com,291-939-5372
55,Rachel,Mitchell,rmitchell1i@domainmarket.com,731-362-4278
56,Deborah,Phillips,dphillips1j@google.de,087-200-8702
57,Kathleen,Harvey,kharvey1k@oracle.com,700-580-8973
58,Gregory,Montgomery,gmontgomery1l@wikia.com,688-037-6585
59,Ralph,Armstrong,rarmstrong1m@mysql.com,503-198-6285
60,Ann,Wheeler,awheeler1n@unesco.org,318-910-7878
61,Amy,Sims,asims1o@shutterfly.com,307-824-1115
62,Theresa,Patterson,tpatterson1p@ftc.gov,582-047-4301
63,Victor,Reyes,vreyes1q@cam.ac.uk,421-739-9939
64,Judith,Thompson,jthompson1r@whitehouse.gov,794-024-1763
65,Aaron,Fowler,afowler1s@last.fm,082-859-7020
66,Eric,Schmidt,eschmidt1t@nydailynews.com,763-109-6806
67,Keith,Hansen,khansen1u@npr.org,313-997-6384
68,Jean,Martin,jmartin1v@home.pl,012-196-3635
69,Louise,Sullivan,lsullivan1w@ted.com,645-130-5508
70,Mark,Wood,mwood1x@squidoo.com,012-343-7024
71,Dorothy,Meyer,dmeyer1y@php.net,374-983-0301
72,Frank,Rodriguez,frodriguez1z@printfriendly.com,607-706-5584
73,Brandon,Stanley,bstanley20@nifty.com,917-786-7740
74,Karen,Nguyen,knguyen21@com.com,707-992-1956
75,Willie,Jordan,wjordan22@webs.com,329-074-8578
76,Jonathan,Oliver,joliver23@icio.us,574-682-3820
77,Donald,Boyd,dboyd24@opensource.org,561-002-7182
78,William,Jordan,wjordan25@naver.com,216-311-8522
79,Pamela,Cole,pcole26@opensource.org,407-094-5367
80,Thomas,Chavez,tchavez27@cloudflare.com,588-230-6646
81,Samuel,Burns,sburns28@mayoclinic.com,980-620-9420
82,Angela,Cooper,acooper29@skyrock.com,270-493-3683
83,Doris,Gray,dgray2a@free.fr,849-653-3845
84,Kathy,Fernandez,kfernandez2b@free.fr,301-477-8384
85,Billy,Young,byoung2c@com.com,011-386-8467
86,Theresa,Morgan,tmorgan2d@mediafire.com,289-499-6433
87,Scott,Harris,sharris2e@noaa.gov,727-577-6759
88,Eric,Watkins,ewatkins2f@cornell.edu,279-536-4412
89,Albert,Wheeler,awheeler2g@cdc.gov,529-135-8427
90,Rose,Reynolds,rreynolds2h@istockphoto.com,542-067-3751
91,Harry,Owens,howens2i@github.io,038-751-1887
92,Steve,Mason,smason2j@npr.org,919-484-8028
93,Mary,Ellis,mellis2k@ihg.com,829-588-8450
94,Jennifer,Williamson,jwilliamson2l@gnu.org,333-697-0721
95,Janet,Butler,jbutler2m@51.la,831-324-8227
96,Amanda,Ramirez,aramirez2n@dagondesign.com,399-500-2215
97,Alice,Franklin,afranklin2o@aboutads.info,004-031-4516
98,Marilyn,Peterson,mpeterson2p@jugem.jp,843-068-4913
99,Nicholas,Owens,nowens2q@zimbio.com,978-778-7882
100,Benjamin,Washington,bwashington2r@dailymotion.com,195-301-1008