LeenaJo,3 Warbler Crossing,25c598ed340651f08f559dfe7842b488,Campbell,Walter,wcampbell0@typepad.com,Toronto,W2T 4K4,Quebec,true,949-276-9148
GenevaDr,1780 Mesta Plaza,66a84c84bf0266a7e91349652cd13cb9,Chapman,Jesse,jchapman1@apache.org,Toronto,P3R 9H7,Ontario,true,803-900-3777
ThomasBt,4107 Clyde Gallagher Pass,44295b2f76d266fbef779e7e11fd651c,Allen,Philip,pallen2@noaa.gov,Toronto,Q3C 2Y9,Ontario,false,793-039-7888
FranciscoZn,8417 Merry Road,903875dadb9f7af16938f6ac70c589f0,Garza,Ruth,rgarza3@npr.org,Toronto,F9L 3P1,Ontario,true,840-831-4090
BlairXb,30 Scofield Hill,f51b2a1b17a92bedd2d7e6dd78474e1e,Mills,Joan,jmills4@princeton.edu,Toronto,G2W 2Y2,Ontario,false,854-195-4114
DarrylLn,2232 Cherokee Parkway,b98dec9a18ebac4258c2c1a7ed521b8e,Green,Billy,bgreen5@admin.ch,Toronto,P5D 3W0,Alberta,false,608-296-2665
OzellUk,84 Dottie Way,b83b92742fdf09154d97bf5db1f339b7,Reynolds,Jimmy,jreynolds6@nsw.gov.au,Toronto,J2Q 7V0,British Columbia,false,687-833-4664
KeciaCl,0 Buena Vista Park,3c747e4d4fc75de59a2bc024e39b1a63,Simmons,Robert,rsimmons7@cornell.edu,Whitchurch-Stouffville,Z8Z 3D8,Alberta,true,407-919-9942
DelilahXz,823 Mesta Center,e3f735208cb97641a25de2bb9f289c2a,Rodriguez,Julia,jrodriguez8@de.vu,Toronto,G4E 6X6,Ontario,true,754-063-8545
LeonorIq,85663 Morning Point,920c9a84d5426b2ef345bc81d91c7589,Hansen,Adam,ahansen9@nifty.com,Toronto,X7E 0B8,Ontario,false,956-597-9948
TaniaCs,4903 Doe Crossing Park,00c21471d30906b591257e5809c13e1d,Cruz,Carolyn,ccruza@apple.com,Toronto,H8R 8G8,Quebec,true,679-571-5140
TyJq,52635 Dawn Avenue,a2f481fa00610734346c5fe21911eaf9,Roberts,Wayne,wrobertsb@arizona.edu,Toronto,R3T 0Y7,Ontario,false,553-510-5947
BartonOl,8634 Memorial Place,be2de27dd4cdeaab4c1e5dfd09820aa1,Cook,Michael,mcookc@geocities.com,Georgina,R4N 5G7,Alberta,true,103-392-9456
ElishaDm,380 American Ash Circle,3d7f73d159272b837b23167e5c66bfd0,Schmidt,Barbara,bschmidtd@yale.edu,Toronto,F5M 7S2,Newfoundland and Labrador,false,869-027-5952
KayBu,9 Manitowish Parkway,1249a38d88f954c7aa64122cb9dd9711,Jenkins,Mildred,mjenkinse@icq.com,Toronto,D4A 9Y6,Ontario,false,498-324-8749
ShonUa,9951 Holmberg Road,7b632edad6007f575f7cea16f8aaccd4,Larson,Linda,llarsonf@spotify.com,Toronto,P2E 0F8,Ontario,false,291-510-7692
DariusSw,6055 Hayes Court,568f231f67156c89900bc56077b82f26,Robertson,Willie,wrobertsong@sphinn.com,Toronto,J3B 5B2,Ontario,false,287-480-0967
FrankYh,640 Kings Center,ecdf0000efbae77e054ab46a8058e159,Miller,Timothy,tmillerh@webmd.com,Toronto,L9R 4D7,Quebec,true,096-836-3294
JacintoMf,0 Sundown Way,812dedd3ff34b9ff77b7ef56312003c4,Hawkins,Pamela,phawkinsi@meetup.com,Toronto,Z8H 9V8,Ontario,false,091-236-9320
CorrieXs,2 Harbort Hill,c67b988e3c596c153534cc4de2e36c87,Matthews,Bobby,bmatthewsj@tinyurl.com,King,Z4M 1P3,Ontario,false,393-938-3198
EttieDp,376 Saint Paul Place,15d50fa77bcc4227fdc722bc228063fa,Fisher,Mildred,mfisherk@linkedin.com,Toronto,B7N 4T3,Ontario,true,508-956-8513
CaryPg,65 Nevada Way,c0909b85c6ace4ea80e52ae57c7b82c6,Grant,Kathryn,kgrantl@hatena.ne.jp,Toronto,Y4Y 6R9,Ontario,false,761-456-8942
ZandraYn,0499 Amoth Crossing,16c00594df5cefc464adc5ff4e3518d6,Romero,James,jromerom@illinois.edu,Toronto,D0S 7V9,Ontario,false,898-008-7204
HilarioVo,91 Marquette Crossing,172d11b932fb74e3e37bf9297682791b,Sullivan,Anne,asullivann@phpbb.com,Toronto,K2X 0I1,Ontario,false,376-497-3138
AdahWz,49 Roxbury Road,e362dc8b1ae4f4c0668c60699564871a,Bailey,Sandra,sbaileyo@mysql.com,Toronto,R2Z 5O4,Northwest Territories,false,203-557-1482
OmerKg,66160 Park Meadow Avenue,f35c5daaf524a962662600aa875458f3,Ward,Harry,hwardp@rakuten.co.jp,Toronto,D1Z 1K3,Ontario,false,660-456-9222
KareemMz,70 Annamark Place,9208261c7e519b3ed9c4fd89b858207f,Woods,Joyce,jwoodsq@utexas.edu,Toronto,U7W 8A0,Ontario,true,922-456-5727
MercedesXa,54024 Burrows Crossing,312f57422b675e3d39fd711b76c1da96,Green,Jean,jgreenr@ucsd.edu,Toronto,C6Z 6T3,Ontario,true,832-619-0320
VernWe,94712 Corscot Pass,2067cfd2452e89992e7c35e66c9db52f,Daniels,Anna,adanielss@github.io,Mississauga,G9B 7H4,Ontario,false,390-875-1708
ClairSx,87 Scofield Road,ad9ce648e38313fb77a0d71431eeb9b4,Gomez,Cynthia,cgomezt@edublogs.org,Toronto,K4R 3M0,Alberta,true,717-464-2346
AlvaKq,31 Little Fleur Terrace,90e5f2fe283e97235bd7c5aecbe37b8a,Mendoza,Walter,wmendozau@home.pl,Toronto,I5Y 7O9,Ontario,true,199-470-0715
SeanOa,994 Valley Edge Alley,f4b731b077e3c016295d05572c40d560,Gutierrez,Sharon,sgutierrezv@geocities.com,Toronto,G1M 7R4,Ontario,false,549-095-3626
DominiqueRl,49666 Gale Trail,0f94e874248d39bf16a3d97feaeb1729,Parker,Bonnie,bparkerw@usatoday.com,Toronto,X0Y 6E5,Nova Scotia,false,773-028-6894
ZenaidaSc,92292 Buena Vista Way,c745b7064fd72ddcaf6350df998b2e9d,Murray,Sharon,smurrayx@twitter.com,Toronto,X3S 6L7,Ontario,true,990-681-7035
DamonZn,9 Superior Pass,2648e2c53c9c1a61c9455c7563275001,Scott,Jimmy,jscotty@wordpress.com,Toronto,O7O 2Y8,Nunavut,false,448-284-3629
BerryXh,59 Saint Paul Park,06d0bbbbdc6cea5f4a37388c057e609c,Kim,Irene,ikimz@friendfeed.com,Toronto,I4F 6V9,Ontario,true,215-542-6509
ReginiaVf,64 Iowa Street,66a1e8d6b531f14fbd1a1bd9a112146b,Rice,Jesse,jrice10@linkedin.com,Toronto,R9H 5K6,Ontario,false,808-622-3111
CarylXe,82 Bashford Road,9d5af227d06ef1a3e12961f52e26feea,Nelson,Tina,tnelson11@fda.gov,Toronto,G3G 2J4,Ontario,false,654-474-9600
ZelmaNb,62199 Eliot Parkway,6f2290b83da66e78d6e6d6ae3ad8ac88,Ray,David,dray12@discuz.net,Toronto,K4C 2R6,Nova Scotia,true,317-878-1685
JulianQe,8 Graedel Court,3eff58be01d93efdbd91c474e330328d,Fernandez,Carolyn,cfernandez13@oakley.com,Toronto,X3M 5W2,Northwest Territories,false,555-549-6032
DarylBg,34799 Grayhawk Alley,c059c09e5eefda4c916e9e3bdf4b51bc,Taylor,James,jtaylor14@hhs.gov,Toronto,N9Q 1N0,Saskatchewan,true,012-439-7941
LeannWg,35 Kedzie Place,530e391973a3f8dcd647fcfb4ee78a68,Diaz,Willie,wdiaz15@toplist.cz,Caledon,Z6C 3X4,Ontario,false,526-123-4664
HerminaUc,1 David Hill,0c5c7f9036cfc0d45c5107eef7faea53,Long,Frances,flong16@loc.gov,Whitchurch-Stouffville,O0Q 1F4,Yukon,true,481-491-0404
GayleMz,141 Esker Circle,3668ce91ce4a847bdfb3a399e89b44af,Ford,Cheryl,cford17@over-blog.com,Toronto,T9M 5N6,Ontario,true,111-593-4562
PamilaUc,02 Delaware Point,9e91072465a06a769cc1773ccc81307f,Henry,Cynthia,chenry18@behance.net,Burlington,B2C 1I4,Ontario,false,672-301-1738
MerrillCn,14 Waxwing Trail,8c11e3bdb49b8e22c9f47e550e83aba1,Peterson,Aaron,apeterson19@sfgate.com,Toronto,V7E 2F2,Ontario,true,806-435-5352
LaveniaBq,5863 Valley Edge Court,babf367f97dd7ae5fe1ce0922b505e87,Rogers,Benjamin,brogers1a@lycos.com,Caledon,E1A 4B1,Ontario,true,056-830-5606
QuinnLn,2825 Lillian Way,f0e8ef76803f97cf922169f18709990d,Garza,Andrew,agarza1b@ibm.com,Toronto,U5I 9H3,Ontario,false,054-465-3211
FreddieMv,1732 Oak Valley Crossing,729187f9a7819403a681d3a1063874be,Adams,Lillian,ladams1c@goo.ne.jp,Toronto,M4U 6V6,Ontario,false,862-802-2691
JonRq,6334 Express Trail,e1858fecd887a5ec1e4b55ffefcf8af6,Carr,Shawn,scarr1d@google.co.jp,Ajax,W4V 9A9,Ontario,false,607-749-9854
TerranceHl,6 Scott Center,be669bbada9ce501cbb64b1360f037d1,Fernandez,Debra,dfernandez1e@youtu.be,Toronto,F6U 9D9,British Columbia,true,548-397-5238
KendallJd,6727 Brown Court,92809408beee96e8bcd101ee7e329bb9,Stephens,Sharon,sstephens1f@mediafire.com,Toronto,K3O 4E1,Ontario,true,390-545-7805
AlphonseAo,8 Pawling Junction,0ecf5e4ebb6653ee3d0ca3fb1a0c8526,Rivera,Kathy,krivera1g@sohu.com,Toronto,V3W 3E7,Ontario,false,471-658-6276
LasandraDu,69074 Sommers Road,9880e87daba5215f666a632c827fa530,Porter,Scott,sporter1h@engadget.com,King,L8I 8H8,Ontario,false,291-942-0914
ConsuelaKc,3178 Cascade Street,8820d50ceabf49f48dc24b20bfe7e941,Rose,Robert,rrose1i@issuu.com,Toronto,Y5W 1D0,Ontario,false,776-136-6306
TyraYg,6134 Delladonna Terrace,e75c83a6f5b3c5a0dc9017e90e6a14b4,Welch,Louise,lwelch1j@adobe.com,Toronto,H1M 0M3,Ontario,true,240-938-4238
RudolphZq,292 Florence Street,5507182542fb23f63e80be948ac99f61,Spencer,Ronald,rspencer1k@homestead.com,Toronto,V9S 0E2,Ontario,false,492-908-6456
FilibertoYv,46454 Fairfield Crossing,7b42f3621864deac59c3b4465fdc8b1b,Nelson,Jonathan,jnelson1l@netvibes.com,Toronto,E2C 7G4,Ontario,false,605-150-4524
CraigXo,4750 Lien Center,6667ff70b208c2fef3c9f547432d8f7b,Watson,Lois,lwatson1m@google.com,Toronto,Q4Q 4S8,Ontario,false,314-825-3602
FranceneTh,06886 Lakewood Gardens Circle,dbbec1127d9e1e990329299be93739dc,Johnston,Jerry,jjohnston1n@vistaprint.com,Toronto,S5P 2G3,Ontario,true,294-399-0998
DenyseCh,5983 Tennessee Park,a3133f099ce9079ffa82750d51973851,Harrison,Kenneth,kharrison1o@columbia.edu,Toronto,E7U 5P6,Ontario,false,387-372-0589
IrvingVk,371 7th Court,234ecd7ff8c713e79dd4e39c7ddfcf50,Ford,Jane,jford1p@elpais.com,East Gwillimbury,Y3L 9C2,Ontario,true,364-829-1697
MilesFk,7 Anniversary Street,e15257290780364d33cc45bca514938a,Hamilton,Paul,phamilton1q@virginia.edu,Burlington,F3Q 1W6,Ontario,false,756-476-4507
DawnAv,67349 Mcguire Plaza,6fe76f1a4bea1d406b4dce6a83b42e65,Garza,George,ggarza1r@hhs.gov,Toronto,M0W 7O8,New Brunswick,true,716-958-5148
MarcelineAf,4262 1st Junction,ddb31d60f3ca406bd3ff3a6fdeda89a1,Jenkins,Heather,hjenkins1s@dyndns.org,Toronto,J6P 9P2,Ontario,false,029-849-6760
KyleeAe,19208 Morrow Point,7d98ca617eee704c92cd9c00ee3e999b,Jones,Jack,jjones1t@ebay.co.uk,Toronto,S9Z 2O0,New Brunswick,false,738-278-3863
MyrtaSg,57674 Arkansas Trail,63ff086856fce62cef28cd55a8aa39c5,Warren,Helen,hwarren1u@biglobe.ne.jp,Toronto,N0J 6G9,Ontario,true,414-728-0234
JeromeIr,79481 South Place,9f6c3513c1f615b5d0b96d14a9923e4d,Turner,Harry,hturner1v@buzzfeed.com,Toronto,I9S 8C5,Northwest Territories,false,233-274-2885
SharitaYt,7 Bunting Terrace,74e6fc8dcb2880c4a5086f2577308877,Andrews,Bruce,bandrews1w@dailymotion.com,Brampton,B8P 4W2,Ontario,false,171-704-5931
SolHu,91135 Menomonie Junction,99eb473094d3c7f2683ae6842be4a1fb,White,Barbara,bwhite1x@hp.com,Toronto,I2F 6C3,Ontario,true,245-146-2504
JeffreyIf,0 Luster Drive,70b3ff8f45ba9857f2ce05645a954b34,Ferguson,Walter,wferguson1y@diigo.com,Toronto,D2P 4Q7,British Columbia,false,698-299-5484
LoniZx,12297 Kennedy Street,02954ad9f8dc8a1eb6c1be1320e647db,Hamilton,Clarence,chamilton1z@aol.com,Caledon,A3D 3L7,Yukon,true,668-483-9632
VergieOl,2432 Dawn Court,fc36bda381093ed072534c024b237f98,Robinson,Kathryn,krobinson20@hibu.com,Toronto,D3K 5Y0,Ontario,true,457-742-9531
JillOb,8 Katie Road,790258916926eedfa0bdeb2f16afcb38,Hansen,Denise,dhansen21@t.co,Whitchurch-Stouffville,C4J 8P6,Ontario,false,357-269-1916
OlivaZg,1814 Judy Terrace,578851980052c23b26f7f01da8130dda,Washington,Anna,awashington22@1und1.de,Toronto,C6D 7R3,Manitoba,false,023-512-8460
ElfredaJb,7 Waxwing Center,6900c063ed3a86d837eb362bee667c4e,Berry,Karen,kberry23@ucoz.ru,Toronto,Q5G 1H8,Ontario,true,395-143-3267
DarnellNl,01045 Southridge Alley,c1f3a3c653940256a410120a5a5677eb,Mason,Kimberly,kmason24@whitehouse.gov,Toronto,D3M 7K1,Prince Edward Island,true,234-281-3691
RupertTk,085 Sunbrook Park,ed8b39e77b0badc2c3b1fc2efce98e2f,Hart,Scott,shart25@nsw.gov.au,Toronto,R1Q 9X4,Ontario,false,623-599-4956
MargeryWt,1 Victoria Alley,51c6c32b6e086edb4521c9c91f175e11,Day,Karen,kday26@tumblr.com,Brock,Z2J 2Q6,Ontario,false,630-747-0806
CliffordOx,831 Oak Valley Avenue,413474a6d8fe83a12bfb93a2cea77747,Bennett,Lillian,lbennett27@hc360.com,Toronto,O9W 9T0,Ontario,true,964-985-7913
CecilWr,17674 Debs Point,9547efd77ffb2004362d9d85d548351a,Cruz,Sean,scruz28@dyndns.org,Georgina,D8Q 6W0,Ontario,false,111-919-5749
PierreBw,01 Ronald Regan Alley,5addaac2fd4e512d67c1fdeec936be40,Garza,Dennis,dgarza29@infoseek.co.jp,Toronto,X0S 3F3,Saskatchewan,false,847-288-7116
CharleyYq,7 Oneill Pass,b3d98889c871e6a2f526c4255ee31dd2,Berry,Lisa,lberry2a@deliciousdays.com,Toronto,G7A 9U8,Ontario,true,308-997-3307
CarollYo,60 Mesta Junction,335c99ad068fd91c41ab148367201c6a,Henderson,Steven,shenderson2b@comsenz.com,Toronto,E5D 5Y8,Ontario,false,713-219-2837
SusieLc,7 Starling Parkway,3b4208a6a892d1a4c626a2a01d508828,Bryant,Alan,abryant2c@fema.gov,Toronto,X6S 3M2,Ontario,false,711-295-6763
BobbieGg,9995 Memorial Lane,fce9072ddc7047a72258e0c0cdf46d5b,Cox,Ann,acox2d@mlb.com,Toronto,U7V 4E5,Ontario,true,175-422-2638
GeneviveSs,9 Banding Junction,95be15d73752231249b2172a8abb148c,Gonzalez,Martin,mgonzalez2e@mozilla.org,Toronto,C8C 2H0,Saskatchewan,true,495-610-5381
LouisWy,6 Dottie Parkway,d88eed0c1008a9cfa400dcbde8c1434d,Howell,Mildred,mhowell2f@harvard.edu,Toronto,S8V 0I3,Ontario,true,299-883-3135
JulianeGp,9090 Superior Way,ef156f866622538c4987ba8f74a29e6a,Wallace,Martha,mwallace2g@jalbum.net,Toronto,S8S 8R2,Ontario,true,092-557-5950
WallyHb,22831 Merrick Lane,134abffb21bc964a9489fe1267e7f6af,Rice,Dorothy,drice2h@is.gd,Toronto,D4K 3D4,Yukon,false,190-034-3747
DawnYa,5 Grasskamp Plaza,8c5e3ad0e3ad59239cb69fa4708c80dc,Wright,Thomas,twright2i@time.com,Toronto,L7J 0E0,Ontario,true,802-039-3142
VivienneFp,38 School Hill,1d77d7afd7363b5c985e634a038f09fb,Banks,Wayne,wbanks2j@networksolutions.com,Caledon,R0P 5I0,Ontario,true,326-861-2094
BreannaQf,814 Ludington Pass,b61489086f54c4ae0a255218d44c15f7,Romero,Roger,rromero2k@amazon.co.jp,Toronto,Y7Y 0E7,Ontario,false,172-671-9082
ElbertBi,1 Mandrake Place,413f3ad5050a47e04252337ea475e2a2,Bowman,Shirley,sbowman2l@aboutads.info,Burlington,K0S 2X3,Ontario,false,354-421-7235
MelvinId,923 Melby Way,e9f6818f06f5eb8b413a3f8b67e9245b,Diaz,Kelly,kdiaz2m@sitemeter.com,Toronto,X5V 4H1,Ontario,false,053-920-5559
RaeLg,0 Fordem Way,0c86ac27c94f291fb9ffc5dbeb88d074,Ferguson,Rose,rferguson2n@cam.ac.uk,Toronto,S7Y 2N7,Nova Scotia,false,359-777-6575
RolandaGy,61882 Del Mar Street,4d988601fa6629b86ce0e414e3b1710a,Matthews,Eric,ematthews2o@hhs.gov,Toronto,C3H 1T4,Ontario,true,418-088-1808
GlaydsZt,31 Monument Hill,0ab25f9e346f1f58ea73d03d19df1034,Dean,Virginia,vdean2p@tinypic.com,Toronto,I2H 7Q5,Northwest Territories,true,662-411-1368
MinhGm,23253 Golf Course Road,56a4b50be64945e024ef31a0c683e2ec,Garrett,Jessica,jgarrett2q@blog.com,Toronto,X8Z 9J9,Ontario,true,337-294-3702
TravisMk,142 Dahle Street,dade4910467b83581da30e6206c7b01e,Campbell,Kimberly,kcampbell2r@blogtalkradio.com,Toronto,U3G 0E1,Ontario,true,006-524-4321